{"cameraMode":{"drawMode":0,"name":"Shaded","section":"Shading Mode"},"sceneLighting":false,"audioPlay":false,"sceneViewState":{"showFog":true,"showMaterialUpdate":false,"showSkybox":false,"showFlares":true,"showImageEffects":true,"showParticleSystems":true},"in2DMode":false,"pivot":{"x":4.207616329193115,"y":2.141324996948242,"z":23.88259506225586},"rotation":{"x":-0.06323501467704773,"y":0.032027650624513629,"z":-0.0020303360652178528,"w":-0.9974825382232666},"size":46.23030090332031,"orthographic":false}